primary_label,predicted_label,count
snoegr,greegr,15
ragmac1,baymac,14
socfly1,grekis,13
grepot1,compot1,12
tropar,banana,11
linwoo1,whtdov,11
compot1,compau,11
bobfly1,grekis,10
yercac1,grekis,10
tropar,roahaw,10
bubwre1,whtdov,10
roahaw,grekis,10
yeofly1,whtdov,9
bugtan,paltan1,9
bubwre1,rinkin1,9
cocwoo1,chbant1,9
trsowl,compot1,8
greegr,y00678,8
soulap1,bbwduc,8
grekis,roahaw,8
creoro1,yercac1,8
pavpig2,whtdov,7
bobfly1,whtdov,7
speowl1,compau,7
paltan1,bugtan,7
speowl1,trsowl,7
rubsee1,yebsee1,7
watjac1,purgal2,7
compau,trsowl,7
grekis,trokin,7
blbwre1,chbant1,7
brtpar1,blhpar1,7
sobtyr1,trokin,7
yercac1,blhpar1,7
tropar,saffin,6
trokin,roahaw,6
bugtan,banana,6
mastit1,yercac1,6
thbeup1,pirfly1,6
banana,paltan1,6
shtfly1,whtdov,6
whtdov,roahaw,6
trokin,sobtyr1,6
whtdov,grekis,6
whbant1,bubwre1,6
tropar,grekis,6
cattyr,trokin,6
saffin,grekis,6
yercac1,rinkin1,6
trokin,tropar,6
solsan,amekes,6
yebfly1,butsal1,6
yeofly1,trokin,6
trsowl,compau,6
whtdov,trokin,6
amakin1,rinkin1,6
compot1,trsowl,6
socfly1,whtdov,6
strfly1,whtdov,6
yebela1,trokin,6
yeofly1,yebfly1,5
brtpar1,orcpar,5
grasal4,saffin,5
cotfly1,trokin,5
whtdov,whbman1,5
whbman1,chbant1,5
crbtan1,whbman1,5
whtdov,socfly1,5
whbman1,roahaw,5
eardov1,banana,5
grbhaw1,roahaw,5
fotfly,trokin,5
yeofly1,wbwwre1,5
blcant4,pirfly1,5
greegr,snoegr,5
amekes,41663,5
saffin,trokin,5
trokin,bugtan,5
yehcar1,whtdov,5
tropar,whtdov,5
yercac1,whtdov,5
bugtan,trokin,5
spbwoo1,linwoo1,5
socfly1,bobfly1,5
bkcdon,yecspi2,5
cargra1,grekis,5
trsowl,roahaw,5
anhing,greegr,5
yebela1,pirfly1,5
yebsee1,blbgra1,5
bkmtou1,chbant1,5
babwar,roahaw,5
rugdov,whtdov,5
cargra1,bbwduc,5
bucmot3,rufmot1,5
chfmac1,ywcpar,5
rumfly1,bobfly1,5
littin1,gohman1,5
littin1,roahaw,5
speowl1,compot1,5
roahaw,trokin,5
yebsee1,whtdov,5
whtdov,saffin,4
baymac,ragmac1,4
socfly1,roahaw,4
speowl1,roahaw,4
yehcar1,grekis,4
blctit1,yercac1,4
eardov1,saffin,4
leagre,roahaw,4
eardov1,roahaw,4
sobtyr1,yebfly1,4
sobtyr1,whtdov,4
yehcar1,soulap1,4
laufal1,trsowl,4
saffin,banana,4
creoro1,whtdov,4
whtdov,tropar,4
blcjay1,bubwre1,4
bbwduc,grekis,4
whwswa1,srwswa1,4
blbwre1,gohman1,4
blbgra1,banana,4
grekis,saffin,4
ampkin1,socfly1,4
grekis,socfly1,4
grekis,strowl1,4
yecspi2,grekis,4
woosto,neocor,4
blbwre1,whtdov,4
grbhaw1,sobtyr1,4
savhaw1,grbhaw1,4
grnkin,whtdov,4
paltan1,tropar,4
yehbla2,grnkin,4
blbgra1,grekis,4
bicwre1,grekis,4
socfly1,whbman1,4
whtdov,wbwwre1,4
sobtyr1,grekis,4
savhaw1,grekis,4
blhpar1,yercac1,4
sobtyr1,tropar,4
creoro1,roahaw,4
yeofly1,bobfly1,4
thbeup1,saffin,4
watjac1,yecspi2,4
tropar,wbwwre1,4
yeofly1,grekis,4
bugtan,socfly1,4
whfant1,bubwre1,4
thlsch3,gretin1,4
48124,compot1,4
wbwwre1,bubwre1,4
roahaw,sobtyr1,4
wbwwre1,chbant1,4
bubwre1,butsal1,4
compot1,strowl1,4
bubwre1,banana,4
trokin,grekis,4
yeofly1,secfly1,4
bubcur1,whtdov,4
bubwre1,grnkin,4
wbwwre1,roahaw,4
bobfly1,bugtan,4
strowl1,compot1,4
strowl1,trsowl,4
recwoo1,yercac1,4
whmtyr1,yecspi2,4
rutjac1,strfly1,4
chfmac1,blhpar1,4
rebbla1,yehbla2,4
1192948,1462737,4
whbant1,whtdov,4
crcwoo1,yercac1,4
yercac1,pirfly1,4
wbwwre1,rtlhum,3
bkcdon,smbani,3
grekis,sobtyr1,3
gretin1,plbwoo1,3
gretin1,littin1,3
bubwre1,yercac1,3
grepot1,trsowl,3
grepot1,speowl1,3
tropar,trokin,3
spbwoo1,cocwoo1,3
y00678,snoegr,3
tropar,sobtyr1,3
whbant1,gohman1,3
bugtan,whbman1,3
colara1,bobfly1,3
tropar,yebsee1,3
bugtan,saffin,3
wbwwre1,whtdov,3
verfly,trokin,3
grekis,whtdov,3
yebela1,saffin,3
grnkin,whbman1,3
baymac,saffin,3
chbant1,littin1,3
banana,rtlhum,3
cattyr,saffin,3
yebfly1,wbwwre1,3
cattyr,grekis,3
chbant1,strcuc1,3
laufal1,grekis,3
socfly1,amekes,3
chfmac1,soulap1,3
cargra1,bugtan,3
yebfly1,roahaw,3
socfly1,gohman1,3
gycwor1,soulap1,3
butsal1,wbwwre1,3
trsowl,whtdov,3
wbwwre1,plbwoo1,3
trsowl,strowl1,3
socfly1,saffin,3
socfly1,trokin,3
butsal1,saffin,3
yebela1,thbeup1,3
cocher1,555086,3
cocher1,greegr,3
grysee1,yebsee1,3
tropar,bubwre1,3
bicwre1,colcha1,3
trsowl,41663,3
cocwoo1,bkmtou1,3
yebela1,roahaw,3
butsal1,bubwre1,3
tropar,butsal1,3
y00678,greegr,3
whbant1,roahaw,3
thbeup1,strfly1,3
brtpar1,yercac1,3
grbhaw1,gohman1,3
whtdov,yercac1,3
whtdov,yeofly1,3
strcuc1,pirfly1,3
brtpar1,whtdov,3
thlsch3,wbwwre1,3
grasal4,pirfly1,3
blcjay1,strher,3
thlsch3,grbhaw1,3
grasal4,grekis,3
thbeup1,yeofly1,3
crcwoo1,linwoo1,3
blctit1,butsal1,3
strcuc1,whtdov,3
grekis,rumfly1,3
gohman1,chbant1,3
whmtyr1,blbgra1,3
bobfly1,whbman1,3
bobfly1,trokin,3
thbeup1,butsal1,3
whtdov,rugdov,3
tbsfin1,yebsee1,3
whtdov,pirfly1,3
strowl1,yehcar1,3
whtdov,linwoo1,3
whtdov,bobfly1,3
banana,roahaw,3
blkvul,gybmar,3
strowl1,compau,3
whttro1,chbant1,3
grbhaw1,littin1,3
trokin,amekes,3
trokin,cattyr,3
bubwre1,rutjac1,3
grekis,rinkin1,3
bubwre1,rtlhum,3
grekis,purgal2,3
colcha1,strcuc1,3
trokin,whtdov,3
blhpar1,ywcpar,3
y00678,grbhaw1,3
grekis,bobfly1,3
grekis,bbwduc,3
blbwre1,butsal1,3
bubwre1,grekis,3
compau,littin1,3
srwswa1,gybmar,3
compau,speowl1,3
woosto,y00678,3
stbwoo2,blcant4,3
whbman1,gohman1,3
bubwre1,blbgra1,3
woosto,greegr,3
blcant4,banana,3
blcant4,bubwre1,3
whwswa1,socfly1,3
greani1,compau,3
stbwoo2,whtdov,3
stbwoo2,yercac1,3
cotfly1,grekis,3
strcuc1,compau,3
grbhaw1,rumfly1,3
bkcdon,bobfly1,3
cattyr,whtdov,3
yehcar1,smbani,3
roahaw,gohman1,3
roahaw,bobfly1,3
rutjac1,littin1,3
yeofly1,gohman1,3
anhing,y00678,3
roahaw,cinbec1,3
amakin1,blhpar1,3
plbwoo1,gohman1,3
linwoo1,pavpig2,3
rumfly1,littin1,3
linwoo1,grekis,3
yebsee1,saffin,3
yelori1,gybmar,3
smbani,bbwduc,3
roahaw,linwoo1,3
babwar,saffin,3
roahaw,paltan1,3
saffin,rugdov,3
rutjac1,bubwre1,3
mastit1,chbant1,3
recwoo1,brtpar1,3
paltan1,yercac1,3
sahpar1,blhpar1,3
recwoo1,linwoo1,3
yercac1,creoro1,3
smbani,strcuc1,3
littin1,wbwwre1,3
mastit1,grekis,3
rinkin1,grekis,3
littin1,compau,3
pavpig2,grekis,3
yecspi2,purgal2,3
yercac1,mastit1,3
linwoo1,yercac1,3
linwoo1,yeofly1,3
mastit1,whbman1,3
plbwoo1,secfly1,3
snoegr,neocor,3
rugdov,grekis,3
linwoo1,trsowl,3
linwoo1,stbwoo2,3
mastit1,whtdov,3
linwoo1,smbani,3
sobtyr1,amekes,3
saffin,roahaw,3
rutjac1,gohman1,3
roahaw,saffin,3
yebsee1,grekis,3
piwtyr1,strfly1,3
rtlhum,butsal1,3
leagre,blbgra1,3
paltan1,yeofly1,3
48124,strowl1,3
leagre,purgal2,3
pirfly1,strfly1,3
orcpar,grekis,3
linwoo1,banana,3
rutjac1,whtdov,3
palhor2,whtdov,3
leagre,yecspi2,3
rutjac1,trokin,3
rutpuf1,bicwre1,3
palhor2,bubwre1,3
orcpar,bobfly1,3
yehcar1,wbwwre1,3
roahaw,yebfly1,3
paltan1,yebsee1,3
roahaw,solsan,3
babwar,tropar,3
roahaw,strowl1,3
1462711,1462737,3
yebsee1,roahaw,3
yeofly1,bubwre1,3
yebsee1,rebbla1,3
bafibi1,greibi1,3
135045,tropar,3
rutjac1,roahaw,3
amakin1,grekis,3
yeofly1,yehcar1,3
yebfly1,yeofly1,3
paltan1,thbeup1,3
plukit1,grekis,3
trokin,bbwduc,2
trokin,anhing,2
purgal2,roahaw,2
purgal2,bbwduc,2
trokin,cotfly1,2
rutjac1,cinbec1,2
ruther1,trsowl,2
ruther1,whtdov,2
plukit1,socfly1,2
rutjac1,chbant1,2
plctan1,cattyr,2
compot1,speowl1,2
plukit1,roahaw,2
plctan1,saffin,2
rutjac1,banana,2
trokin,grnkin,2
rutjac1,blhpar1,2
crbtan1,thbeup1,2
cotfly1,strfly1,2
plbwoo1,thlsch3,2
thbeup1,rumfly1,2
rutjac1,rugdov,2
crcwoo1,strher,2
rutjac1,rumfly1,2
crcwoo1,tropar,2
crcwoo1,wbwwre1,2
crcwoo1,yeofly1,2
piwtyr1,srwswa1,2
crebob1,bubwre1,2
thbeup1,gybmar,2
thbeup1,creoro1,2
piwtyr1,gybmar,2
rutjac1,wbwwre1,2
crebob1,saffin,2
thbeup1,banana,2
crebob1,strcuc1,2
tbsfin1,pirfly1,2
tbsfin1,butsal1,2
pirfly1,ywcpar,2
plbwoo1,butsal1,2
thbeup1,sobtyr1,2
plbwoo1,chbant1,2
thlsch3,plbwoo1,2
plbwoo1,strfly1,2
cotfly1,yebela1,2
plbwoo1,stbwoo2,2
cotfly1,yecspi2,2
thlsch3,whtdov,2
royfly1,rutjac1,2
crbtan1,gybmar,2
plbwoo1,rinkin1,2
thlsch3,littin1,2
thbeup1,tropar,2
rutjac1,grbhaw1,2
compau,soulap1,2
plbwoo1,pirfly1,2
plbwoo1,palhor2,2
thlsch3,gohman1,2
thbeup1,yebela1,2
thbeup1,wbwwre1,2
rutjac1,mastit1,2
ruther1,purgal2,2
rumfly1,orcpar,2
ruther1,blhpar1,2
roahaw,pirfly1,2
roahaw,whtdov,2
rtlhum,wbwwre1,2
cinbec1,grekis,2
trsowl,speowl1,2
cinbec1,rumfly1,2
cinbec1,strcuc1,2
rubsee1,rebbla1,2
trsowl,grepot1,2
cocher1,baymac,2
rubsee1,roahaw,2
compau,roahaw,2
rubsee1,saffin,2
roahaw,gycwor1,2
cocwoo1,blcjay1,2
rubsee1,tbsfin1,2
tropar,yercac1,2
roahaw,butsal1,2
cocwoo1,linwoo1,2
rufmot1,chbant1,2
cocwoo1,littin1,2
trsowl,yehcar1,2
rtlhum,strfly1,2
cinbec1,bobfly1,2
roahaw,ywcpar,2
chbant1,bkmtou1,2
chbant1,gohman1,2
rtlhum,chbant1,2
rtlhum,grnkin,2
verfly,rumfly1,2
rosspo1,purgal2,2
chbant1,roahaw,2
rtlhum,littin1,2
rosspo1,neocor,2
chbant1,tropar,2
chbant1,wbwwre1,2
chfmac1,baymac,2
rosspo1,leagre,2
verfly,amekes,2
chfmac1,creoro1,2
rtlhum,pirfly1,2
rosspo1,greegr,2
chfmac1,whtdov,2
rosspo1,bbwduc,2
roahaw,blcant4,2
roahaw,blbgra1,2
roahaw,banana,2
colcha1,blhpar1,2
tropar,blhpar1,2
colcha1,saffin,2
rebbla1,watjac1,2
colcha1,sobtyr1,2
rebbla1,strcuc1,2
tropar,babwar,2
rumfly1,trokin,2
rumfly1,whtdov,2
colcha1,tropar,2
rebbla1,grekis,2
rumfly1,yectyr1,2
ragmac1,ywcpar,2
compau,compot1,2
trokin,solsan,2
ruther1,bbwduc,2
trokin,socfly1,2
ragmac1,roahaw,2
ragmac1,chfmac1,2
compau,purgal2,2
rumfly1,linwoo1,2
rumfly1,grekis,2
tropar,whbman1,2
colara1,plbwoo1,2
rugdov,eardov1,2
rugdov,greibi1,2
rinkin1,y00678,2
cocwoo1,rufmot1,2
cocwoo1,rumfly1,2
rinkin1,strher,2
tropar,thbeup1,2
cocwoo1,stbwoo2,2
cocwoo1,whbman1,2
cocwoo1,whtdov,2
cocwoo1,yebfly1,2
rinkin1,socfly1,2
rinkin1,roahaw,2
rumfly1,amekes,2
rinkin1,amakin1,2
recwoo1,yebela1,2
tropar,rtlhum,2
colara1,gohman1,2
rumfly1,banana,2
pirfly1,yercac1,2
sobtyr1,strher,2
creoro1,banana,2
linwoo1,purgal2,2
grekis,tropar,2
snoegr,grekis,2
grekis,y00678,2
spbwoo1,plbwoo1,2
grekis,yercac1,2
grepot1,greibi1,2
snoegr,ywcpar,2
linwoo1,roahaw,2
soulap1,yehcar1,2
sobtyr1,bbwduc,2
littin1,bobfly1,2
gretin1,thlsch3,2
soulap1,whtdov,2
grnkin,grekis,2
soulap1,saffin,2
soulap1,roahaw,2
soulap1,purgal2,2
soulap1,neocor,2
grnkin,saffin,2
grnkin,strfly1,2
littin1,banana,2
littin1,chbant1,2
shtfly1,strcuc1,2
neocor,greegr,2
olipic1,banana,2
srwswa1,paltan1,2
neocor,trokin,2
greibi1,pirfly1,2
grekis,41663,2
spepar1,orcpar,2
smbani,bobfly1,2
neocor,grekis,2
grekis,banana,2
spepar1,grasal4,2
littin1,rutjac1,2
grekis,bubwre1,2
mastit1,wbwwre1,2
grekis,cargra1,2
smbani,linwoo1,2
mastit1,orcpar,2
speowl1,littin1,2
mastit1,gybmar,2
mastit1,bubwre1,2
smbani,yehcar1,2
sobtyr1,blhpar1,2
grnkin,yecspi2,2
linwoo1,greibi1,2
socfly1,butsal1,2
gycwor1,grbhaw1,2
linwoo1,bkmtou1,2
socfly1,orcpar,2
gycwor1,pirfly1,2
gycwor1,purgal2,2
gycwor1,rugdov,2
gycwor1,savhaw1,2
sobtyr1,roahaw,2
socfly1,grasal4,2
socfly1,bugtan,2
soulap1,amekes,2
sobtyr1,rumfly1,2
leagre,trokin,2
sobtyr1,saffin,2
sobtyr1,ywcpar,2
sobtyr1,yeofly1,2
sobtyr1,yehcar1,2
leagre,grbhaw1,2
laufal1,trokin,2
leagre,bbwduc,2
sobtyr1,pirfly1,2
linwoo1,blhpar1,2
socfly1,rugdov,2
gycwor1,bubwre1,2
sobtyr1,bubwre1,2
soulap1,41663,2
grysee1,rubsee1,2
linwoo1,crcwoo1,2
grysee1,saffin,2
sobtyr1,bugtan,2
solsan,trokin,2
sobtyr1,cinbec1,2
gybmar,saffin,2
socfly1,yeofly1,2
gybmar,srwswa1,2
gybmar,strher,2
sobtyr1,cotfly1,2
gybmar,whtdov,2
sobtyr1,paltan1,2
socfly1,strcuc1,2
socfly1,sobtyr1,2
gycwor1,blbgra1,2
linwoo1,bobfly1,2
shtfly1,wbwwre1,2
srwswa1,whtdov,2
strowl1,trokin,2
strfly1,soulap1,2
eardov1,strowl1,2
eardov1,tropar,2
eardov1,whtdov,2
piepuf1,solsan,2
fotfly,bbwduc,2
strher,bbwduc,2
saffin,tropar,2
piepuf1,pirfly1,2
strfly1,thbeup1,2
saffin,whtdov,2
pirfly1,banana,2
piepuf1,chbant1,2
strfly1,grekis,2
strfly1,crcwoo1,2
gohman1,roahaw,2
strfly1,bobfly1,2
strfly1,banana,2
sahpar1,paltan1,2
grasal4,bubwre1,2
grasal4,butsal1,2
saffin,paltan1,2
pirfly1,bbwduc,2
greegr,neocor,2
strowl1,bucmot3,2
strowl1,saffin,2
rutjac1,yectyr1,2
creoro1,bobfly1,2
creoro1,chfmac1,2
strowl1,roahaw,2
creoro1,gohman1,2
creoro1,mastit1,2
pirfly1,wbwwre1,2
pirfly1,trokin,2
creoro1,purgal2,2
strher,purgal2,2
creoro1,secfly1,2
pirfly1,roahaw,2
pirfly1,paltan1,2
pirfly1,grekis,2
pirfly1,crbtan1,2
saffin,bugtan,2
creoro1,ywcpar,2
eardov1,blkvul,2
eardov1,gybmar,2
sahpar1,piepuf1,2
sahpar1,smbani,2
savhaw1,blbgra1,2
stbwoo2,pirfly1,2
greani1,bicwre1,2
greani1,blbwre1,2
stbwoo2,strher,2
shghum1,banana,2
greani1,grekis,2
stbwoo2,shtfly1,2
greani1,rumfly1,2
palhor2,stbwoo2,2
stbwoo2,plbwoo1,2
orcpar,trokin,2
pavpig2,trokin,2
stbwoo2,littin1,2
greani1,whtdov,2
stbwoo2,creoro1,2
greegr,baymac,2
orcpar,bugtan,2
stbwoo2,cocwoo1,2
olipic1,tropar,2
shtfly1,grekis,2
shtfly1,stbwoo2,2
stbwoo2,wbwwre1,2
grbhaw1,yebfly1,2
grbhaw1,y00678,2
stbwoo2,yeofly1,2
strcuc1,trokin,2
savhaw1,laufal1,2
pavpig2,roahaw,2
pavpig2,pirfly1,2
grasal4,rugdov,2
savhaw1,whtdov,2
strcuc1,sobtyr1,2
grasal4,trokin,2
pavpig2,bkmtou1,2
strcuc1,roahaw,2
pavpig2,baymac,2
strcuc1,grekis,2
strcuc1,fotfly,2
grbhaw1,purgal2,2
paltan1,smbani,2
paltan1,grekis,2
grbhaw1,savhaw1,2
secfly1,whbman1,2
paltan1,banana,2
crbtan1,butsal1,2
rtlhum,banana,2
yebela1,rumfly1,2
yecspi2,blbgra1,2
whbman1,whttro1,2
y00678,sobtyr1,2
48124,50186,2
bkmtou1,roahaw,2
whbman1,yercac1,2
y00678,roahaw,2
y00678,rinkin1,2
50186,gretin1,2
yeofly1,thbeup1,2
blbgra1,roahaw,2
50186,roahaw,2
blbgra1,rtlhum,2
yecspi2,strfly1,2
ampkin1,gohman1,2
517119,65373,2
yeofly1,rumfly1,2
yecspi2,yehbla2,2
ampkin1,bubwre1,2
bobher1,grekis,2
yeofly1,roahaw,2
528041,1462737,2
blbwre1,bobfly1,2
whmtyr1,greegr,2
yeofly1,paltan1,2
bobfly1,socfly1,2
bobfly1,sobtyr1,2
y00678,bbwduc,2
bobfly1,recwoo1,2
whmtyr1,solsan,2
ampkin1,plbwoo1,2
whbman1,whtdov,2
bkcdon,yercac1,2
bubwre1,bkmtou1,2
bkcdon,pavpig2,2
whbman1,41663,2
whbman1,banana,2
bubwre1,grasal4,2
bubwre1,gohman1,2
41970,speowl1,2
whbman1,bubwre1,2
41970,trsowl,2
42007,41663,2
y00678,yecspi2,2
bkcdon,rugdov,2
anhing,grnkin,2
yercac1,chfmac1,2
yercac1,chbant1,2
476538,65448,2
bkcdon,strcuc1,2
whbman1,grekis,2
anhing,41663,2
yercac1,bobfly1,2
yercac1,blcjay1,2
bkcdon,yehcar1,2
yercac1,baymac,2
yercac1,banana,2
ampkin1,rtlhum,2
yeofly1,ywcpar,2
whbman1,socfly1,2
476537,trokin,2
whbman1,strfly1,2
blbwre1,cocwoo1,2
52884,plbwoo1,2
yeofly1,cotfly1,2
whtdov,sobtyr1,2
whwswa1,gybmar,2
amakin1,whtdov,2
blctit1,y00678,2
yehcar1,blhpar1,2
blctit1,whbman1,2
whwswa1,fotfly,2
yehcar1,bbwduc,2
blcant4,ywcpar,2
yehcar1,amekes,2
yehbla2,yelori1,2
amakin1,trokin,2
whwswa1,bugtan,2
amakin1,soulap1,2
whttro1,trokin,2
blhpar1,chbant1,2
blctit1,littin1,2
963335,1462737,2
blctit1,grnkin,2
yehbla2,rugdov,2
blcjay1,yelori1,2
whttro1,bubwre1,2
amakin1,grnkin,2
yehbla2,bbwduc,2
whtdov,yebela1,2
whtdov,yebsee1,2
blchaw1,y00678,2
yectyr1,yercac1,2
blcjay1,bkmtou1,2
blhpar1,bobfly1,2
blcant4,sobtyr1,2
yeofly1,cattyr,2
amekes,socfly1,2
whtdov,41663,2
amekes,yehbla2,2
bobfly1,gohman1,2
566513,blkvul,2
amekes,strowl1,2
whtdov,amekes,2
566513,rufmot1,2
yelori1,whtdov,2
566513,whtdov,2
blkvul,yeofly1,2
yelori1,grekis,2
blbwre1,pirfly1,2
whtdov,bubwre1,2
yelori1,cargra1,2
66893,srwswa1,2
blkvul,socfly1,2
woosto,snoegr,2
65344,smbani,2
yelori1,amekes,2
blkvul,bugtan,2
blkvul,bobfly1,2
yectyr1,rutjac1,2
yehcar1,trokin,2
amakin1,yecspi2,2
whwswa1,trokin,2
blcant4,rutjac1,2
whtdov,pavpig2,2
whtdov,plbwoo1,2
yercac1,greani1,2
whttro1,bkmtou1,2
wbwwre1,gohman1,2
whbant1,laufal1,2
watjac1,soulap1,2
bicwre1,trokin,2
bugtan,butsal1,2
cargra1,orcpar,2
banana,socfly1,2
135045,grnkin,2
bafibi1,gycwor1,2
baymac,grekis,2
bubwre1,yeofly1,2
bicwre1,greani1,2
baymac,chfmac1,2
banana,strfly1,2
yebela1,paltan1,2
butsal1,yercac1,2
41663,creoro1,2
yebfly1,rugdov,2
banana,pirfly1,2
yercac1,roahaw,2
butsal1,grekis,2
yercac1,yehcar1,2
cargra1,socfly1,2
yebfly1,whbman1,2
banana,bugtan,2
banana,bobfly1,2
bugtan,whtdov,2
banana,butsal1,2
ywcpar,chfmac1,2
24272,compot1,2
butsal1,bkmtou1,2
wbwwre1,tropar,2
wbwwre1,whttro1,2
bbwduc,whtdov,2
wbwwre1,littin1,2
bugtan,orcpar,2
baymac,whtdov,2
cargra1,banana,2
yebfly1,strowl1,2
bicwre1,bubwre1,2
bbwduc,41663,2
yebsee1,butsal1,2
bubwre1,whfant1,2
bicwre1,yeofly1,2
yercac1,whbman1,2
wbwwre1,butsal1,2
yebsee1,trokin,2
ywcpar,ragmac1,2
41663,strowl1,2
butsal1,paltan1,2
cattyr,blbgra1,2
banana,tropar,2
41663,linwoo1,2
yebela1,whtdov,2
anhing,soulap1,2
whbant1,trokin,2
yebsee1,banana,2
bubwre1,pavpig2,2
126247,65448,2
whbant1,tropar,2
bubwre1,roahaw,2
yebfly1,whtdov,2
ywcpar,trokin,2
wbwwre1,bobfly1,2
134933,littin1,2
yebsee1,solsan,2
yebfly1,plbwoo1,2
bubwre1,whbman1,2
bbwduc,soulap1,2
banana,grekis,2
butsal1,whtdov,2
yebela1,yebfly1,2
bbwduc,solsan,2
butsal1,orcpar,2
bubwre1,wbwwre1,2
yebsee1,strcuc1,2
bubwre1,orcpar,2
banana,whtdov,2
1346504,48124,2
shtfly1,cotfly1,1
shtfly1,cocwoo1,1
shtfly1,secfly1,1
shtfly1,whttro1,1
shtfly1,whbman1,1
shtfly1,plbwoo1,1
yectyr1,saffin,1
yectyr1,ruther1,1
shtfly1,littin1,1
sobtyr1,strowl1,1
shtfly1,linwoo1,1
yectyr1,sobtyr1,1
shtfly1,gohman1,1
yectyr1,srwswa1,1
yectyr1,thlsch3,1
yebfly1,ywcpar,1
yectyr1,wbwwre1,1
yectyr1,pirfly1,1
shtfly1,greani1,1
yectyr1,rufmot1,1
yebfly1,socfly1,1
shtfly1,bubwre1,1
secfly1,strfly1,1
secfly1,yebfly1,1
secfly1,whttro1,1
yectyr1,whtdov,1
socfly1,anhing,1
secfly1,tropar,1
secfly1,thlsch3,1
yectyr1,yeofly1,1
secfly1,thbeup1,1
socfly1,banana,1
yectyr1,whfant1,1
secfly1,solsan,1
secfly1,rutjac1,1
socfly1,bbwduc,1
secfly1,rtlhum,1
socfly1,bkmtou1,1
socfly1,bubwre1,1
secfly1,roahaw,1
secfly1,littin1,1
secfly1,yeofly1,1
shghum1,amekes,1
shtfly1,blcjay1,1
yebfly1,soulap1,1
shtfly1,blbwre1,1
yebfly1,whmtyr1,1
shtfly1,41663,1
yectyr1,whbant1,1
shghum1,tropar,1
shghum1,srwswa1,1
yebfly1,stbwoo2,1
shghum1,socfly1,1
sobtyr1,yehbla2,1
yectyr1,whbman1,1
shghum1,sobtyr1,1
smbani,amekes,1
shghum1,rugdov,1
sobtyr1,yelori1,1
shghum1,rtlhum,1
shghum1,compot1,1
yebfly1,secfly1,1
shghum1,bugtan,1
shtfly1,yeofly1,1
yecspi2,bobfly1,1
smbani,banana,1
snoegr,baymac,1
snoegr,greani1,1
yecspi2,roahaw,1
yebsee1,stbwoo2,1
snoegr,creoro1,1
yecspi2,rubsee1,1
snoegr,bobher1,1
yecspi2,rugdov,1
snoegr,bobfly1,1
yebsee1,rugdov,1
yebsee1,rinkin1,1
smbani,whtdov,1
secfly1,linwoo1,1
snoegr,22976,1
yebsee1,pirfly1,1
smbani,yercac1,1
sobtyr1,grnkin,1
yebsee1,gybmar,1
yecspi2,socfly1,1
yecspi2,solsan,1
yebsee1,grnkin,1
yecspi2,pirfly1,1
snoegr,greibi1,1
sobtyr1,bobfly1,1
yebsee1,thlsch3,1
yecspi2,bkcdon,1
sobtyr1,babwar,1
snoegr,y00678,1
yecspi2,bbwduc,1
snoegr,trokin,1
sobtyr1,banana,1
snoegr,strher,1
yebsee1,yehbla2,1
snoegr,soulap1,1
yebsee1,whfant1,1
snoegr,purgal2,1
yecspi2,cattyr,1
yecspi2,cotfly1,1
snoegr,leagre,1
yecspi2,greegr,1
yecspi2,grnkin,1
sobtyr1,blbgra1,1
yecspi2,pavpig2,1
yebsee1,tropar,1
smbani,yecspi2,1
smbani,whfant1,1
sobtyr1,stbwoo2,1
smbani,grasal4,1
yebsee1,bkcdon,1
smbani,leagre,1
smbani,gycwor1,1
yectyr1,bkcdon,1
yectyr1,blbgra1,1
yectyr1,chbant1,1
yecspi2,bubwre1,1
sobtyr1,solsan,1
smbani,grekis,1
smbani,gohman1,1
yecspi2,spepar1,1
yectyr1,chfmac1,1
yectyr1,gohman1,1
smbani,bugtan,1
smbani,brtpar1,1
yectyr1,grekis,1
smbani,bkcdon,1
sobtyr1,spbwoo1,1
yectyr1,gybmar,1
sobtyr1,spepar1,1
yebsee1,bkmtou1,1
sobtyr1,socfly1,1
smbani,littin1,1
sobtyr1,secfly1,1
smbani,whbman1,1
sobtyr1,pavpig2,1
yebsee1,crbtan1,1
yebsee1,colara1,1
smbani,tropar,1
smbani,strher,1
sobtyr1,plbwoo1,1
yecspi2,whtdov,1
smbani,socfly1,1
smbani,sobtyr1,1
yebsee1,bugtan,1
smbani,saffin,1
sobtyr1,rugdov,1
yebsee1,brtpar1,1
yectyr1,banana,1
smbani,rutjac1,1
sobtyr1,rutjac1,1
smbani,rugdov,1
smbani,roahaw,1
snoegr,41663,1
saffin,verfly,1
secfly1,gybmar,1
secfly1,creoro1,1
rumfly1,butsal1,1
rumfly1,bubwre1,1
rumfly1,baymac,1
yercac1,gretin1,1
yercac1,grnkin,1
yercac1,laufal1,1
yercac1,orcpar,1
yercac1,palhor2,1
rugdov,yehbla2,1
rugdov,whfant1,1
rugdov,trsowl,1
rugdov,trokin,1
rugdov,socfly1,1
rugdov,saffin,1
rugdov,rumfly1,1
yercac1,paltan1,1
rugdov,roahaw,1
rugdov,pirfly1,1
rugdov,paltan1,1
rugdov,orcpar,1
yercac1,ragmac1,1
rugdov,grnkin,1
yercac1,royfly1,1
yercac1,ruther1,1
yercac1,rutjac1,1
rugdov,brtpar1,1
rugdov,blcant4,1
rumfly1,colcha1,1
rumfly1,cotfly1,1
rumfly1,laufal1,1
rumfly1,yebela1,1
ruther1,grekis,1
ruther1,greani1,1
ruther1,compau,1
ruther1,bobher1,1
ruther1,blchaw1,1
yercac1,41663,1
ruther1,bkcdon,1
ruther1,baymac,1
ruther1,banana,1
ruther1,715170,1
yercac1,blbgra1,1
rumfly1,yecspi2,1
yercac1,bubwre1,1
yercac1,crcwoo1,1
yercac1,bugtan,1
rumfly1,thlsch3,1
rumfly1,thbeup1,1
rumfly1,strfly1,1
rumfly1,solsan,1
rumfly1,socfly1,1
rumfly1,saffin,1
yercac1,colcha1,1
rumfly1,pirfly1,1
rumfly1,pavpig2,1
rumfly1,paltan1,1
yercac1,compau,1
rugdov,banana,1
yercac1,shtfly1,1
rufmot1,wbwwre1,1
ywcpar,gretin1,1
rubsee1,grasal4,1
rubsee1,fotfly,1
rubsee1,crebob1,1
rubsee1,bobfly1,1
rubsee1,blbgra1,1
ywcpar,cocwoo1,1
rubsee1,baymac,1
rtlhum,yebfly1,1
rtlhum,whtdov,1
rtlhum,whbman1,1
ywcpar,colcha1,1
rtlhum,thbeup1,1
ywcpar,gycwor1,1
rubsee1,grekis,1
rtlhum,stbwoo2,1
rtlhum,socfly1,1
ywcpar,linwoo1,1
rtlhum,plbwoo1,1
ywcpar,pirfly1,1
ywcpar,recwoo1,1
ywcpar,rugdov,1
rtlhum,laufal1,1
ywcpar,spbwoo1,1
ywcpar,wbwwre1,1
rtlhum,blbgra1,1
rtlhum,bkmtou1,1
ywcpar,cargra1,1
ywcpar,bubwre1,1
rufmot1,thlsch3,1
yercac1,whfant1,1
rufmot1,littin1,1
yercac1,strcuc1,1
yercac1,strher,1
yercac1,thlsch3,1
rufmot1,bucmot3,1
rufmot1,bubwre1,1
yercac1,trokin,1
rufmot1,65962,1
rubsee1,yehbla2,1
yercac1,wbwwre1,1
rubsee1,yebela1,1
rubsee1,whmtyr1,1
rubsee1,sobtyr1,1
rubsee1,gybmar,1
yercac1,y00678,1
yercac1,yebela1,1
rubsee1,smbani,1
yercac1,yecspi2,1
yercac1,ywcpar,1
rubsee1,rugdov,1
ywcpar,1462737,1
ywcpar,baymac,1
ywcpar,bicwre1,1
ywcpar,bkcdon,1
rubsee1,purgal2,1
ywcpar,blhpar1,1
ruther1,mastit1,1
ruther1,pavpig2,1
yeofly1,yercac1,1
saffin,strfly1,1
yehcar1,bobfly1,1
yehcar1,chfmac1,1
sahpar1,littin1,1
yehcar1,compot1,1
yehcar1,gohman1,1
sahpar1,bbwduc,1
saffin,yeofly1,1
saffin,yebsee1,1
yehcar1,grbhaw1,1
socfly1,cocwoo1,1
yehcar1,greegr,1
yehcar1,greibi1,1
saffin,solsan,1
savhaw1,bbwduc,1
saffin,socfly1,1
yehcar1,littin1,1
yehcar1,paltan1,1
yehcar1,roahaw,1
saffin,pirfly1,1
yehcar1,rtlhum,1
yehcar1,rumfly1,1
yehcar1,saffin,1
yehcar1,sobtyr1,1
saffin,gohman1,1
saffin,cotfly1,1
saffin,blbgra1,1
sahpar1,strfly1,1
savhaw1,crebob1,1
yehcar1,y00678,1
savhaw1,wbwwre1,1
yehbla2,banana,1
secfly1,bobfly1,1
secfly1,bkmtou1,1
secfly1,banana,1
secfly1,21211,1
yehbla2,grbhaw1,1
savhaw1,yercac1,1
yehbla2,neocor,1
savhaw1,yehcar1,1
yehbla2,rumfly1,1
yehbla2,smbani,1
savhaw1,whbman1,1
savhaw1,soulap1,1
yehcar1,baymac,1
savhaw1,solsan,1
yehbla2,strcuc1,1
savhaw1,smbani,1
savhaw1,saffin,1
savhaw1,rutjac1,1
savhaw1,roahaw,1
yehbla2,trokin,1
savhaw1,purgal2,1
yehbla2,whtdov,1
yehbla2,yebela1,1
savhaw1,labter1,1
yehcar1,22973,1
saffin,bbwduc,1
yehcar1,yeofly1,1
ruther1,roahaw,1
rutjac1,blbgra1,1
yeofly1,leagre,1
yeofly1,linwoo1,1
yeofly1,pavpig2,1
yeofly1,pirfly1,1
yeofly1,rinkin1,1
rutjac1,compau,1
rutjac1,colara1,1
yeofly1,rugdov,1
yeofly1,saffin,1
yeofly1,sobtyr1,1
yeofly1,socfly1,1
rutjac1,blbwre1,1
yeofly1,solsan,1
rutjac1,grekis,1
yeofly1,strfly1,1
ruther1,ywcpar,1
ruther1,yebela1,1
ruther1,whfant1,1
yeofly1,thlsch3,1
ruther1,thlsch3,1
yeofly1,tropar,1
ruther1,strowl1,1
ruther1,socfly1,1
ruther1,smbani,1
ruther1,rumfly1,1
ruther1,rugdov,1
yeofly1,gybmar,1
rutjac1,laufal1,1
saffin,amekes,1
yelori1,pirfly1,1
saffin,41663,1
rutpuf1,whfant1,1
yelori1,bbwduc,1
rutpuf1,trokin,1
rutpuf1,sobtyr1,1
yelori1,bobfly1,1
rutpuf1,laufal1,1
yelori1,brtpar1,1
rutpuf1,brtpar1,1
yelori1,grasal4,1
rutjac1,yebela1,1
yelori1,orcpar,1
yelori1,wbwwre1,1
rutjac1,purgal2,1
rutjac1,tropar,1
yelori1,yercac1,1
yeofly1,41663,1
yeofly1,banana,1
rutjac1,stbwoo2,1
rutjac1,sobtyr1,1
rutjac1,smbani,1
yeofly1,bkmtou1,1
yeofly1,blcjay1,1
rutjac1,rebbla1,1
yeofly1,bugtan,1
yeofly1,butsal1,1
socfly1,cinbec1,1
watjac1,anhing,1
socfly1,colcha1,1
whfant1,whbman1,1
whfant1,blbgra1,1
whfant1,greibi1,1
whfant1,grekis,1
whfant1,grnkin,1
thlsch3,crcwoo1,1
thlsch3,cocwoo1,1
thlsch3,chbant1,1
thlsch3,butsal1,1
thlsch3,banana,1
whfant1,roahaw,1
whfant1,saffin,1
thbeup1,whtdov,1
whfant1,strowl1,1
whfant1,whtdov,1
yebfly1,orcpar,1
thbeup1,thlsch3,1
whfant1,yeofly1,1
thbeup1,srwswa1,1
thbeup1,socfly1,1
whfant1,ywcpar,1
thbeup1,rutjac1,1
whmtyr1,cattyr,1
thbeup1,rtlhum,1
whmtyr1,cotfly1,1
thbeup1,recwoo1,1
whmtyr1,grekis,1
whmtyr1,leagre,1
thbeup1,paltan1,1
whfant1,banana,1
thlsch3,laufal1,1
thlsch3,linwoo1,1
whfant1,amekes,1
trokin,gretin1,1
whbman1,linwoo1,1
whbman1,littin1,1
trokin,crbtan1,1
whbman1,mastit1,1
whbman1,pirfly1,1
trokin,cargra1,1
trokin,butsal1,1
whbman1,rtlhum,1
trokin,bobfly1,1
trokin,blhpar1,1
trokin,blbgra1,1
whbman1,sobtyr1,1
trokin,banana,1
whbman1,soulap1,1
trokin,787625,1
trokin,50186,1
whbman1,strher,1
whbman1,trokin,1
thlsch3,yeofly1,1
thlsch3,whttro1,1
whbman1,yehbla2,1
thlsch3,whbman1,1
whbman1,yehcar1,1
whbman1,yeofly1,1
thlsch3,rumfly1,1
thlsch3,rufmot1,1
whmtyr1,sobtyr1,1
thbeup1,crbtan1,1
thbeup1,cotfly1,1
whtdov,cocwoo1,1
strowl1,grekis,1
whtdov,compau,1
strowl1,grbhaw1,1
whtdov,compot1,1
whtdov,cregua1,1
strowl1,bubwre1,1
whtdov,eardov1,1
strowl1,42007,1
strowl1,41663,1
strowl1,22976,1
strher,yebfly1,1
whtdov,gohman1,1
strher,whfant1,1
strher,trsowl,1
strher,trokin,1
whtdov,gybmar,1
whtdov,gycwor1,1
whtdov,littin1,1
strher,strcuc1,1
whtdov,mastit1,1
strher,soulap1,1
whtdov,neocor,1
strher,sobtyr1,1
strher,snoegr,1
whtdov,paltan1,1
strher,rugdov,1
strher,royfly1,1
strowl1,gycwor1,1
strowl1,littin1,1
thbeup1,cattyr,1
strowl1,purgal2,1
whmtyr1,yebsee1,1
thbeup1,bobfly1,1
thbeup1,blbgra1,1
whtdov,50186,1
whtdov,65448,1
tbsfin1,yebela1,1
tbsfin1,whtdov,1
tbsfin1,thbeup1,1
tbsfin1,socfly1,1
tbsfin1,smbani,1
tbsfin1,rubsee1,1
tbsfin1,rtlhum,1
tbsfin1,paltan1,1
tbsfin1,cocwoo1,1
tbsfin1,cinbec1,1
whtdov,banana,1
tbsfin1,blhpar1,1
whtdov,bicwre1,1
strowl1,whtdov,1
strowl1,verfly,1
whtdov,bkcdon,1
whtdov,blbgra1,1
strowl1,thlsch3,1
strowl1,speowl1,1
whtdov,blhpar1,1
whtdov,chfmac1,1
strowl1,royfly1,1
whbman1,grnkin,1
trokin,gybmar,1
whbman1,gretin1,1
turvul,greani1,1
turvul,41663,1
wbwwre1,50186,1
wbwwre1,715170,1
trsowl,trokin,1
wbwwre1,banana,1
wbwwre1,blbgra1,1
wbwwre1,blhpar1,1
trsowl,plbwoo1,1
trsowl,laufal1,1
trsowl,gycwor1,1
trsowl,gretin1,1
wbwwre1,cregua1,1
trsowl,grekis,1
trsowl,greibi1,1
wbwwre1,grnkin,1
trsowl,chbant1,1
trsowl,bobfly1,1
trsowl,bicwre1,1
trsowl,65373,1
wbwwre1,orcpar,1
wbwwre1,royfly1,1
tropar,yeofly1,1
tropar,yehcar1,1
wbwwre1,rufmot1,1
tropar,yehbla2,1
wbwwre1,secfly1,1
wbwwre1,smbani,1
turvul,cocwoo1,1
turvul,neocor,1
tropar,whbant1,1
watjac1,y00678,1
watjac1,compau,1
watjac1,greani1,1
verfly,thbeup1,1
verfly,solsan,1
verfly,saffin,1
watjac1,gybmar,1
watjac1,gycwor1,1
verfly,rutjac1,1
verfly,ruther1,1
watjac1,mastit1,1
watjac1,pavpig2,1
verfly,pirfly1,1
watjac1,rubsee1,1
verfly,eardov1,1
verfly,crebob1,1
watjac1,rugdov,1
verfly,cotfly1,1
verfly,compot1,1
watjac1,smbani,1
verfly,anhing,1
turvul,yehcar1,1
turvul,strowl1,1
turvul,strher,1
turvul,srwswa1,1
watjac1,whtdov,1
turvul,snoegr,1
turvul,pavpig2,1
wbwwre1,strfly1,1
wbwwre1,y00678,1
trokin,gycwor1,1
trokin,yeofly1,1
trokin,yebela1,1
trokin,wbwwre1,1
trokin,watjac1,1
whbant1,whfant1,1
trokin,strowl1,1
trokin,strher,1
whbant1,yebfly1,1
trokin,spepar1,1
trokin,soulap1,1
whbman1,bkmtou1,1
whbman1,blbwre1,1
whbman1,bobfly1,1
trokin,snoegr,1
trokin,smbani,1
trokin,saffin,1
trokin,rumfly1,1
whbman1,cocwoo1,1
whbman1,compau,1
trokin,rinkin1,1
trokin,pirfly1,1
trokin,pavpig2,1
trokin,paltan1,1
whbman1,compot1,1
trokin,mastit1,1
trokin,littin1,1
trokin,leagre,1
trokin,laufal1,1
trokin,yehcar1,1
trokin,ywcpar,1
wbwwre1,yebela1,1
tropar,amekes,1
wbwwre1,yebsee1,1
whbant1,amakin1,1
tropar,strher,1
tropar,stbwoo2,1
whbant1,amekes,1
whbant1,banana,1
tropar,spepar1,1
whbant1,cocwoo1,1
whbant1,crbtan1,1
whbant1,grekis,1
whbant1,littin1,1
whbant1,paltan1,1
tropar,pirfly1,1
tropar,paltan1,1
tropar,linwoo1,1
tropar,laufal1,1
whbant1,pirfly1,1
tropar,gohman1,1
tropar,chbant1,1
tropar,bugtan,1
tropar,bobfly1,1
whbant1,rumfly1,1
tropar,blbgra1,1
tropar,bkmtou1,1
whbant1,smbani,1
tropar,bbwduc,1
whbant1,wbwwre1,1
strher,roahaw,1
whtdov,rinkin1,1
strher,pavpig2,1
speowl1,42007,1
spbwoo1,y00678,1
spbwoo1,secfly1,1
y00678,trokin,1
spbwoo1,pavpig2,1
y00678,trsowl,1
spbwoo1,palhor2,1
spbwoo1,grekis,1
y00678,verfly,1
y00678,wbwwre1,1
spbwoo1,creoro1,1
spbwoo1,compot1,1
y00678,whtdov,1
spbwoo1,bugtan,1
spbwoo1,amakin1,1
soulap1,yercac1,1
y00678,yehcar1,1
soulap1,yehbla2,1
soulap1,yecspi2,1
soulap1,y00678,1
y00678,ywcpar,1
yebela1,65373,1
yebela1,bkmtou1,1
soulap1,trokin,1
soulap1,strher,1
soulap1,srwswa1,1
soulap1,socfly1,1
yebela1,blbgra1,1
speowl1,22333,1
y00678,strher,1
yebela1,bugtan,1
speowl1,555086,1
spepar1,mastit1,1
y00678,blbgra1,1
y00678,blkvul,1
y00678,colcha1,1
y00678,compot1,1
spepar1,fotfly,1
y00678,grekis,1
spepar1,cargra1,1
spepar1,banana,1
spepar1,21211,1
y00678,grnkin,1
speowl1,thlsch3,1
speowl1,rufmot1,1
speowl1,plbwoo1,1
speowl1,laufal1,1
y00678,neocor,1
speowl1,gretin1,1
y00678,recwoo1,1
y00678,rosspo1,1
y00678,rumfly1,1
y00678,saffin,1
speowl1,bubwre1,1
y00678,soulap1,1
speowl1,bkmtou1,1
y00678,strcuc1,1
speowl1,banana,1
speowl1,65448,1
yebela1,bobfly1,1
yebela1,cocwoo1,1
spepar1,strfly1,1
yebela1,tbsfin1,1
socfly1,wbwwre1,1
socfly1,strfly1,1
yebela1,yebsee1,1
socfly1,srwswa1,1
socfly1,soulap1,1
yebela1,yeofly1,1
socfly1,smbani,1
yebfly1,amekes,1
yebfly1,banana,1
yebfly1,bubwre1,1
socfly1,recwoo1,1
socfly1,rebbla1,1
socfly1,purgal2,1
yebfly1,chbant1,1
socfly1,pirfly1,1
socfly1,paltan1,1
yebfly1,cinbec1,1
socfly1,neocor,1
socfly1,gycwor1,1
yebfly1,cocwoo1,1
socfly1,gybmar,1
yebfly1,compot1,1
yebfly1,crbtan1,1
socfly1,grnkin,1
yebfly1,creoro1,1
socfly1,greani1,1
yebfly1,gohman1,1
yebela1,tropar,1
yebela1,strcuc1,1
yebela1,crbtan1,1
solsan,50186,1
soulap1,grekis,1
soulap1,greegr,1
yebela1,grasal4,1
soulap1,grbhaw1,1
soulap1,crcwoo1,1
yebela1,grekis,1
yebela1,grnkin,1
soulap1,cattyr,1
soulap1,bugtan,1
soulap1,blkvul,1
yebela1,pavpig2,1
soulap1,banana,1
solsan,yebsee1,1
yebela1,rugdov,1
verfly,tropar,1
solsan,tropar,1
solsan,socfly1,1
solsan,rugdov,1
yebela1,socfly1,1
solsan,rubsee1,1
solsan,paltan1,1
solsan,leagre,1
solsan,labter1,1
solsan,grnkin,1
solsan,cattyr,1
solsan,banana,1
yebela1,soulap1,1
spepar1,strcuc1,1
spepar1,thbeup1,1
strher,gycwor1,1
whtdov,strher,1
strcuc1,yehcar1,1
strcuc1,yebela1,1
strcuc1,whfant1,1
whtdov,strowl1,1
whtdov,thbeup1,1
strcuc1,verfly,1
whtdov,trsowl,1
strcuc1,spepar1,1
whtdov,whfant1,1
whtdov,whmtyr1,1
strcuc1,smbani,1
strcuc1,rugdov,1
whtdov,yectyr1,1
strcuc1,rubsee1,1
whtdov,yehcar1,1
strcuc1,pavpig2,1
strcuc1,linwoo1,1
strcuc1,greegr,1
strcuc1,grasal4,1
strcuc1,gohman1,1
strcuc1,creoro1,1
whttro1,cocwoo1,1
whttro1,linwoo1,1
strcuc1,compot1,1
whttro1,pirfly1,1
whttro1,plbwoo1,1
whttro1,rufmot1,1
strfly1,amekes,1
strfly1,bubwre1,1
strcuc1,bobfly1,1
whtdov,strfly1,1
whtdov,rosspo1,1
strher,grnkin,1
strher,grbhaw1,1
strher,cocwoo1,1
strher,bubwre1,1
whtdov,rutjac1,1
strher,blbgra1,1
strfly1,yeofly1,1
strfly1,yebela1,1
strfly1,whbman1,1
strfly1,whbant1,1
strfly1,wbwwre1,1
whtdov,shtfly1,1
whtdov,smbani,1
whtdov,snoegr,1
strfly1,socfly1,1
strfly1,sobtyr1,1
strfly1,rutjac1,1
strfly1,recwoo1,1
strfly1,orcpar,1
strfly1,gybmar,1
whtdov,solsan,1
strfly1,gohman1,1
whtdov,soulap1,1
strfly1,colara1,1
strfly1,butsal1,1
strfly1,bugtan,1
whttro1,sobtyr1,1
strcuc1,anhing,1
spepar1,yebfly1,1
stbwoo2,compot1,1
woosto,cocher1,1
stbwoo2,butsal1,1
stbwoo2,bubwre1,1
woosto,ruther1,1
stbwoo2,bkmtou1,1
stbwoo2,bicwre1,1
stbwoo2,bbwduc,1
stbwoo2,amakin1,1
srwswa1,yehbla2,1
srwswa1,yebela1,1
woosto,saffin,1
srwswa1,whwswa1,1
srwswa1,trokin,1
srwswa1,strfly1,1
srwswa1,spepar1,1
srwswa1,socfly1,1
woosto,soulap1,1
srwswa1,sobtyr1,1
srwswa1,rugdov,1
srwswa1,pavpig2,1
y00678,50186,1
srwswa1,mastit1,1
y00678,bafibi1,1
srwswa1,bubwre1,1
srwswa1,bobfly1,1
spepar1,yercac1,1
y00678,baymac,1
woosto,bobher1,1
woosto,blchaw1,1
whttro1,trsowl,1
stbwoo2,gohman1,1
whttro1,wbwwre1,1
stbwoo2,yectyr1,1
whttro1,whbman1,1
whttro1,yeofly1,1
stbwoo2,yebsee1,1
stbwoo2,whttro1,1
stbwoo2,whbman1,1
whwswa1,compau,1
stbwoo2,trokin,1
stbwoo2,thbeup1,1
whwswa1,grekis,1
stbwoo2,strfly1,1
stbwoo2,strcuc1,1
stbwoo2,sobtyr1,1
whwswa1,pirfly1,1
stbwoo2,saffin,1
stbwoo2,rutjac1,1
stbwoo2,roahaw,1
stbwoo2,rinkin1,1
whwswa1,rebbla1,1
whwswa1,spepar1,1
stbwoo2,palhor2,1
stbwoo2,gycwor1,1
stbwoo2,grnkin,1
whwswa1,yebsee1,1
stbwoo2,grekis,1
stbwoo2,greibi1,1
1139490,1462737,1
piepuf1,bubwre1,1
royfly1,littin1,1
brtpar1,cocwoo1,1
brtpar1,pavpig2,1
brtpar1,pirfly1,1
brtpar1,rinkin1,1
brtpar1,rumfly1,1
brtpar1,strfly1,1
brtpar1,yehcar1,1
bubcur1,50186,1
bubcur1,blcjay1,1
bubcur1,compot1,1
bubcur1,grekis,1
bubcur1,pirfly1,1
bubcur1,rufmot1,1
bubcur1,sobtyr1,1
bubcur1,speowl1,1
bubcur1,wbwwre1,1
bubcur1,yehcar1,1
bubwre1,22973,1
brtpar1,neocor,1
brtpar1,chfmac1,1
bobfly1,paltan1,1
brtpar1,bugtan,1
bobfly1,saffin,1
bobfly1,solsan,1
bobfly1,strfly1,1
bobfly1,tropar,1
bobfly1,yehcar1,1
bobher1,chfmac1,1
bobher1,labter1,1
bobher1,pavpig2,1
bobher1,roahaw,1
bobher1,ruther1,1
bobher1,sobtyr1,1
bobher1,trokin,1
bobher1,wbwwre1,1
bobher1,whtdov,1
brtpar1,41663,1
brtpar1,48124,1
brtpar1,bubwre1,1
bubwre1,715170,1
bubwre1,baymac,1
bubwre1,bbwduc,1
bubwre1,blcant4,1
bubwre1,yelori1,1
bucmot3,65962,1
bucmot3,bubwre1,1
bucmot3,speowl1,1
bucmot3,wbwwre1,1
bucmot3,whtdov,1
bugtan,bbwduc,1
bugtan,bobfly1,1
bugtan,cargra1,1
bugtan,crbtan1,1
bugtan,crcwoo1,1
bugtan,gohman1,1
bugtan,gybmar,1
bugtan,gycwor1,1
bugtan,pavpig2,1
bugtan,rufmot1,1
bugtan,snoegr,1
bubwre1,whttro1,1
bubwre1,tropar,1
bubwre1,trokin,1
bubwre1,greani1,1
bubwre1,blcjay1,1
bubwre1,bobfly1,1
bubwre1,chbant1,1
bubwre1,chfmac1,1
bubwre1,cinbec1,1
bubwre1,cocwoo1,1
bubwre1,compau,1
bubwre1,gretin1,1
bubwre1,strher,1
bubwre1,gycwor1,1
bubwre1,laufal1,1
bubwre1,linwoo1,1
bubwre1,littin1,1
bubwre1,plbwoo1,1
bubwre1,rufmot1,1
bubwre1,smbani,1
bobfly1,roahaw,1
bobfly1,neocor,1
royfly1,chbant1,1
blchaw1,yehcar1,1
blcjay1,1462737,1
blcjay1,banana,1
blcjay1,chbant1,1
blcjay1,creoro1,1
blcjay1,mastit1,1
blcjay1,plbwoo1,1
blcjay1,roahaw,1
blcjay1,whtdov,1
blcjay1,whttro1,1
blcjay1,yebfly1,1
blcjay1,yercac1,1
blctit1,cinbec1,1
blctit1,creoro1,1
blctit1,grekis,1
blctit1,gycwor1,1
blctit1,mastit1,1
blctit1,neocor,1
blchaw1,yercac1,1
blchaw1,whtdov,1
bobfly1,gybmar,1
blchaw1,snoegr,1
blcant4,tbsfin1,1
blcant4,whtdov,1
blcant4,yectyr1,1
blcant4,yercac1,1
blchaw1,amakin1,1
blchaw1,cocher1,1
blchaw1,colcha1,1
blchaw1,grbhaw1,1
blchaw1,greani1,1
blchaw1,grekis,1
blchaw1,littin1,1
blchaw1,pavpig2,1
blchaw1,roahaw,1
blchaw1,rufmot1,1
blchaw1,rumfly1,1
blchaw1,savhaw1,1
blchaw1,smbani,1
blctit1,paltan1,1
blctit1,rinkin1,1
blctit1,rutjac1,1
blctit1,soulap1,1
blkvul,blchaw1,1
blkvul,grekis,1
blkvul,grnkin,1
blkvul,roahaw,1
blkvul,snoegr,1
blkvul,speowl1,1
blkvul,trsowl,1
blkvul,wbwwre1,1
blkvul,yebsee1,1
bobfly1,amekes,1
bobfly1,bubwre1,1
bobfly1,butsal1,1
bobfly1,cargra1,1
bobfly1,cocwoo1,1
bobfly1,crbtan1,1
bobfly1,grasal4,1
bobfly1,greegr,1
blkvul,amekes,1
blkvul,21211,1
blhpar1,whtdov,1
blhpar1,crcwoo1,1
blctit1,watjac1,1
blctit1,wbwwre1,1
blctit1,whtdov,1
blctit1,yecspi2,1
blhpar1,bkcdon,1
blhpar1,chfmac1,1
blhpar1,cocwoo1,1
blhpar1,creoro1,1
blhpar1,whbman1,1
blhpar1,grekis,1
blhpar1,paltan1,1
blhpar1,pirfly1,1
blhpar1,ragmac1,1
blhpar1,rinkin1,1
blhpar1,saffin,1
blhpar1,spbwoo1,1
bugtan,sobtyr1,1
bugtan,strfly1,1
bugtan,strowl1,1
colcha1,bobfly1,1
colcha1,chfmac1,1
colcha1,cocher1,1
colcha1,crcwoo1,1
colcha1,grbhaw1,1
colcha1,littin1,1
colcha1,roahaw,1
colcha1,rufmot1,1
colcha1,smbani,1
colcha1,snoegr,1
colcha1,spepar1,1
colcha1,whtdov,1
colcha1,y00678,1
colcha1,ywcpar,1
compau,517119,1
compau,65344,1
compau,bafibi1,1
compau,baymac,1
colcha1,bobher1,1
colcha1,41663,1
bugtan,yebsee1,1
colcha1,21211,1
cocwoo1,neocor,1
cocwoo1,orcpar,1
cocwoo1,plbwoo1,1
cocwoo1,recwoo1,1
cocwoo1,roahaw,1
cocwoo1,socfly1,1
cocwoo1,soulap1,1
cocwoo1,tropar,1
cocwoo1,wbwwre1,1
cocwoo1,yehcar1,1
colara1,blhpar1,1
colara1,cocwoo1,1
colara1,creoro1,1
colara1,grekis,1
colara1,roahaw,1
colara1,smbani,1
colara1,socfly1,1
compau,bkcdon,1
compau,blhpar1,1
compau,bobher1,1
compau,bubwre1,1
compot1,yehcar1,1
cotfly1,blcant4,1
cotfly1,bubwre1,1
cotfly1,grnkin,1
cotfly1,gybmar,1
cotfly1,neocor,1
cotfly1,pavpig2,1
cotfly1,pirfly1,1
cotfly1,plbwoo1,1
cotfly1,recwoo1,1
cotfly1,roahaw,1
cotfly1,rtlhum,1
cotfly1,rutjac1,1
cotfly1,saffin,1
cotfly1,socfly1,1
cotfly1,solsan,1
cotfly1,spepar1,1
compot1,whtdov,1
compot1,strher,1
compot1,spepar1,1
compau,trokin,1
compau,creoro1,1
compau,gohman1,1
compau,greibi1,1
compau,grepot1,1
compau,saffin,1
compau,strcuc1,1
compau,strowl1,1
compau,tropar,1
compot1,ruther1,1
compau,whttro1,1
compau,yebela1,1
compau,ywcpar,1
compot1,21211,1
compot1,52884,1
compot1,littin1,1
compot1,rufmot1,1
cocwoo1,gohman1,1
cocwoo1,bucmot3,1
cocwoo1,blkvul,1
chbant1,olipic1,1
cargra1,grasal4,1
cargra1,mastit1,1
cargra1,rubsee1,1
cargra1,smbani,1
cargra1,trokin,1
cargra1,yecspi2,1
cargra1,yehbla2,1
cattyr,rugdov,1
cattyr,solsan,1
cattyr,soulap1,1
cattyr,verfly,1
cattyr,yecspi2,1
cattyr,yeofly1,1
chbant1,21211,1
chbant1,banana,1
chbant1,blhpar1,1
chbant1,cocwoo1,1
cargra1,eardov1,1
butsal1,yebsee1,1
butsal1,trsowl,1
butsal1,leagre,1
bugtan,yercac1,1
butsal1,566513,1
butsal1,banana,1
butsal1,blbgra1,1
butsal1,cattyr,1
butsal1,chbant1,1
butsal1,cinbec1,1
butsal1,littin1,1
butsal1,tropar,1
butsal1,plbwoo1,1
butsal1,rugdov,1
butsal1,rutjac1,1
butsal1,smbani,1
butsal1,sobtyr1,1
butsal1,speowl1,1
butsal1,stbwoo2,1
chbant1,compot1,1
chbant1,orcpar,1
cocwoo1,blhpar1,1
chbant1,palhor2,1
cinbec1,roahaw,1
cinbec1,rtlhum,1
cinbec1,saffin,1
cinbec1,sobtyr1,1
cinbec1,whbman1,1
cinbec1,whtdov,1
cinbec1,whttro1,1
cocher1,65344,1
cocher1,blhpar1,1
cocher1,bobher1,1
cocher1,grekis,1
cocher1,neocor,1
cocher1,purgal2,1
cocher1,ruther1,1
cocher1,snoegr,1
cocher1,stbwoo2,1
cocher1,yeofly1,1
cinbec1,leagre,1
cinbec1,cocwoo1,1
cinbec1,bugtan,1
chfmac1,crcwoo1,1
chbant1,strfly1,1
chbant1,yehcar1,1
chfmac1,41663,1
chfmac1,bkcdon,1
chfmac1,blchaw1,1
chfmac1,bobfly1,1
chfmac1,colcha1,1
chfmac1,pirfly1,1
cinbec1,bkcdon,1
chfmac1,ragmac1,1
chfmac1,sobtyr1,1
chfmac1,thbeup1,1
chfmac1,trokin,1
chfmac1,whttro1,1
chfmac1,yehcar1,1
chfmac1,yercac1,1
blcant4,smbani,1
blcant4,secfly1,1
blcant4,recwoo1,1
566513,grekis,1
566513,roahaw,1
566513,ruther1,1
566513,strowl1,1
566513,trokin,1
64862,littin1,1
64862,roahaw,1
65336,strowl1,1
65336,y00678,1
65344,compau,1
65344,grekis,1
65344,rinkin1,1
65344,speowl1,1
65349,65373,1
65349,butsal1,1
65373,48124,1
65373,517119,1
65373,compot1,1
566513,gycwor1,1
555142,bubwre1,1
amakin1,yercac1,1
555142,65373,1
517119,grepot1,1
517119,roahaw,1
52884,1462737,1
52884,21211,1
52884,22973,1
52884,50186,1
52884,blkvul,1
52884,compot1,1
52884,grekis,1
52884,roahaw,1
52884,smbani,1
52884,sobtyr1,1
52884,strowl1,1
52884,trokin,1
52884,yebfly1,1
548639,1564122,1
555086,67252,1
65448,purgal2,1
65448,speowl1,1
65448,thbeup1,1
65448,woosto,1
714022,yebsee1,1
787625,rubsee1,1
81930,65373,1
81930,rinkin1,1
868458,523060,1
amakin1,banana,1
amakin1,bkcdon,1
amakin1,bobfly1,1
amakin1,gohman1,1
amakin1,greibi1,1
amakin1,mastit1,1
amakin1,orcpar,1
amakin1,paltan1,1
amakin1,roahaw,1
amakin1,rugdov,1
amakin1,rumfly1,1
amakin1,sobtyr1,1
714022,whbman1,1
714022,roahaw,1
67252,trsowl,1
66578,compot1,1
65547,solsan,1
65962,65448,1
65962,laufal1,1
65962,rufmot1,1
66016,22973,1
66016,trsowl,1
66531,22333,1
66578,verfly,1
67252,ruther1,1
66893,65349,1
67082,crbtan1,1
67082,roahaw,1
67252,21211,1
67252,24322,1
67252,greibi1,1
67252,labter1,1
517119,grekis,1
517119,compau,1
517119,65962,1
41663,greibi1,1
21211,yeofly1,1
22973,65373,1
22973,compau,1
22973,littin1,1
22973,smbani,1
22976,22973,1
22976,amekes,1
22976,roahaw,1
24272,compau,1
24272,trsowl,1
24272,whtdov,1
24292,50186,1
24322,65448,1
24322,plbwoo1,1
24322,trsowl,1
24322,whfant1,1
41663,bobfly1,1
21211,wbwwre1,1
21211,solsan,1
21211,grbhaw1,1
135045,amekes,1
1194042,48124,1
1194042,banana,1
1194042,blhpar1,1
1346504,52884,1
1346504,compot1,1
134933,amekes,1
134933,wbwwre1,1
135045,blhpar1,1
21116,yecspi2,1
135045,solsan,1
135045,trokin,1
135045,wbwwre1,1
1564122,socfly1,1
21038,21211,1
21038,22333,1
21116,65373,1
41663,greegr,1
41663,grekis,1
517119,52884,1
41663,rinkin1,1
46010,whfant1,1
46010,whtdov,1
46010,ywcpar,1
47067,linwoo1,1
47067,socfly1,1
476538,trokin,1
48124,1462737,1
48124,21211,1
48124,52884,1
48124,ruther1,1
50186,21211,1
50186,52884,1
50186,cattyr,1
50186,orcpar,1
50186,thbeup1,1
50186,trsowl,1
50186,whttro1,1
46010,rugdov,1
46010,neocor,1
42113,grekis,1
41778,strher,1
41663,strher,1
41663,trokin,1
41663,trsowl,1
41663,yehcar1,1
41663,yercac1,1
41663,ywcpar,1
41778,476538,1
41970,grepot1,1
42113,41663,1
41970,rufmot1,1
42007,amekes,1
42007,compau,1
42007,strher,1
42007,trokin,1
42087,grepot1,1
42087,whtdov,1
amakin1,y00678,1
amekes,banana,1
blcant4,paltan1,1
bicwre1,cargra1,1
bicwre1,rutjac1,1
bicwre1,whtdov,1
bicwre1,y00678,1
bicwre1,yebfly1,1
bicwre1,yelori1,1
bicwre1,yercac1,1
bkcdon,banana,1
bkcdon,bbwduc,1
bkcdon,bubcur1,1
bkcdon,bubwre1,1
bkcdon,chfmac1,1
bkcdon,greegr,1
bkcdon,grnkin,1
bkcdon,mastit1,1
bkcdon,paltan1,1
bkcdon,piepuf1,1
bkcdon,rinkin1,1
bicwre1,grasal4,1
bicwre1,bugtan,1
amekes,bbwduc,1
bicwre1,bobfly1,1
baymac,bugtan,1
baymac,creoro1,1
baymac,rumfly1,1
baymac,snoegr,1
baymac,strher,1
baymac,woosto,1
baymac,ywcpar,1
bbwduc,amekes,1
bbwduc,anhing,1
bbwduc,greani1,1
bbwduc,leagre,1
bbwduc,orcpar,1
bbwduc,roahaw,1
bbwduc,saffin,1
bbwduc,socfly1,1
bbwduc,strfly1,1
bicwre1,bbwduc,1
bkcdon,sobtyr1,1
bkcdon,soulap1,1
bkcdon,srwswa1,1
bkcdon,whtdov,1
blbwre1,bubwre1,1
blbwre1,cinbec1,1
blbwre1,cotfly1,1
blbwre1,laufal1,1
blbwre1,littin1,1
blbwre1,orcpar,1
blbwre1,pavpig2,1
blbwre1,rufmot1,1
blbwre1,sobtyr1,1
blbwre1,strcuc1,1
blbwre1,whbman1,1
blbwre1,yelori1,1
blbwre1,yercac1,1
blcant4,blbgra1,1
blcant4,grekis,1
blcant4,laufal1,1
blcant4,mastit1,1
blbwre1,blchaw1,1
blbgra1,yebsee1,1
blbgra1,whtdov,1
bkmtou1,trokin,1
bkcdon,yectyr1,1
bkcdon,yeofly1,1
bkmtou1,cregua1,1
bkmtou1,greegr,1
bkmtou1,grekis,1
bkmtou1,strowl1,1
bkmtou1,thlsch3,1
bkmtou1,wbwwre1,1
blbgra1,verfly,1
bkmtou1,whbman1,1
bkmtou1,whtdov,1
bkmtou1,yebfly1,1
blbgra1,bugtan,1
blbgra1,saffin,1
blbgra1,smbani,1
blbgra1,soulap1,1
baymac,blhpar1,1
baymac,42007,1
banana,yehcar1,1
anhing,yercac1,1
ampkin1,sobtyr1,1
ampkin1,wbwwre1,1
ampkin1,yecspi2,1
anhing,bicwre1,1
anhing,blkvul,1
anhing,bobfly1,1
anhing,compau,1
anhing,crcwoo1,1
anhing,greani1,1
anhing,gybmar,1
anhing,leagre,1
anhing,pavpig2,1
anhing,purgal2,1
anhing,rinkin1,1
anhing,roahaw,1
anhing,rosspo1,1
anhing,shtfly1,1
ampkin1,littin1,1
ampkin1,gycwor1,1
ampkin1,grnkin,1
amekes,soulap1,1
amekes,bobfly1,1
amekes,bubwre1,1
amekes,greegr,1
amekes,grekis,1
amekes,roahaw,1
amekes,sobtyr1,1
amekes,solsan,1
amekes,spbwoo1,1
ampkin1,grekis,1
amekes,spepar1,1
amekes,watjac1,1
amekes,whtdov,1
amekes,yecspi2,1
amekes,yehcar1,1
ampkin1,chbant1,1
ampkin1,cotfly1,1
anhing,tropar,1
babwar,amekes,1
banana,yebsee1,1
babwar,banana,1
banana,creoro1,1
banana,eardov1,1
banana,laufal1,1
banana,mastit1,1
banana,orcpar,1
banana,plbwoo1,1
banana,rugdov,1
banana,rumfly1,1
banana,rutjac1,1
banana,saffin,1
banana,shtfly1,1
banana,sobtyr1,1
banana,srwswa1,1
banana,trokin,1
banana,whbman1,1
banana,whttro1,1
banana,yebfly1,1
banana,cregua1,1
banana,bubwre1,1
banana,blkvul,1
babwar,yeofly1,1
babwar,blkvul,1
babwar,littin1,1
babwar,smbani,1
babwar,socfly1,1
babwar,solsan,1
babwar,strcuc1,1
babwar,whtdov,1
bafibi1,banana,1
banana,bkmtou1,1
bafibi1,bbwduc,1
bafibi1,neocor,1
bafibi1,saffin,1
bafibi1,soulap1,1
bafibi1,yebsee1,1
banana,amekes,1
banana,babwar,1
cotfly1,thbeup1,1
cotfly1,yebsee1,1
crbtan1,bobfly1,1
palhor2,grekis,1
palhor2,sobtyr1,1
palhor2,strfly1,1
palhor2,whbant1,1
palhor2,yecspi2,1
paltan1,bbwduc,1
paltan1,bkcdon,1
paltan1,blbgra1,1
paltan1,bobfly1,1
paltan1,bobher1,1
paltan1,brtpar1,1
paltan1,cargra1,1
paltan1,cattyr,1
paltan1,cocwoo1,1
paltan1,creoro1,1
paltan1,greegr,1
paltan1,linwoo1,1
paltan1,littin1,1
palhor2,plbwoo1,1
palhor2,greani1,1
piepuf1,strcuc1,1
orcpar,yelori1,1
olipic1,cotfly1,1
olipic1,creoro1,1
olipic1,paltan1,1
olipic1,pirfly1,1
olipic1,secfly1,1
olipic1,socfly1,1
olipic1,thlsch3,1
orcpar,chbant1,1
orcpar,chfmac1,1
orcpar,mastit1,1
orcpar,paltan1,1
orcpar,rugdov,1
orcpar,sobtyr1,1
orcpar,socfly1,1
orcpar,soulap1,1
orcpar,whtdov,1
orcpar,yehcar1,1
paltan1,mastit1,1
paltan1,roahaw,1
paltan1,rumfly1,1
paltan1,socfly1,1
pavpig2,yebfly1,1
pavpig2,yehcar1,1
pavpig2,yelori1,1
pavpig2,yeofly1,1
pavpig2,yercac1,1
piepuf1,blbwre1,1
1139490,963335,1
piepuf1,cinbec1,1
piepuf1,gohman1,1
piepuf1,grbhaw1,1
piepuf1,littin1,1
piepuf1,paltan1,1
piepuf1,roahaw,1
piepuf1,rtlhum,1
piepuf1,rumfly1,1
piepuf1,rutjac1,1
piepuf1,sobtyr1,1
pavpig2,yebela1,1
pavpig2,whbant1,1
pavpig2,strowl1,1
pavpig2,chbant1,1
paltan1,strcuc1,1
paltan1,strfly1,1
paltan1,whtdov,1
paltan1,yehcar1,1
paltan1,ywcpar,1
pavpig2,blcant4,1
pavpig2,bobfly1,1
pavpig2,compau,1
pavpig2,saffin,1
pavpig2,crbtan1,1
pavpig2,linwoo1,1
pavpig2,littin1,1
pavpig2,mastit1,1
pavpig2,paltan1,1
pavpig2,ragmac1,1
pavpig2,rugdov,1
olipic1,bobfly1,1
olipic1,blcant4,1
norscr1,yecspi2,1
linwoo1,yectyr1,1
linwoo1,compau,1
linwoo1,cotfly1,1
linwoo1,creoro1,1
linwoo1,gohman1,1
linwoo1,grnkin,1
linwoo1,paltan1,1
linwoo1,plbwoo1,1
linwoo1,recwoo1,1
linwoo1,rutjac1,1
linwoo1,secfly1,1
linwoo1,sobtyr1,1
linwoo1,strcuc1,1
linwoo1,strowl1,1
linwoo1,thbeup1,1
linwoo1,trokin,1
linwoo1,tropar,1
linwoo1,watjac1,1
linwoo1,butsal1,1
linwoo1,bugtan,1
linwoo1,bubwre1,1
leagre,sobtyr1,1
leagre,amekes,1
leagre,anhing,1
leagre,bobfly1,1
leagre,cargra1,1
leagre,grekis,1
leagre,linwoo1,1
leagre,ruther1,1
leagre,socfly1,1
linwoo1,bobher1,1
leagre,solsan,1
leagre,y00678,1
leagre,yehbla2,1
linwoo1,517119,1
linwoo1,amekes,1
linwoo1,blbgra1,1
linwoo1,blcant4,1
linwoo1,whttro1,1
linwoo1,ywcpar,1
norscr1,trokin,1
littin1,bkmtou1,1
mastit1,pirfly1,1
mastit1,roahaw,1
mastit1,rufmot1,1
mastit1,socfly1,1
mastit1,thlsch3,1
mastit1,tropar,1
neocor,anhing,1
neocor,blkvul,1
neocor,brtpar1,1
neocor,purgal2,1
neocor,soulap1,1
neocor,strher,1
neocor,strowl1,1
neocor,watjac1,1
norscr1,baymac,1
norscr1,bobfly1,1
norscr1,roahaw,1
mastit1,pavpig2,1
mastit1,grnkin,1
mastit1,gohman1,1
littin1,rufmot1,1
littin1,blbwre1,1
littin1,bugtan,1
littin1,cinbec1,1
littin1,compot1,1
littin1,grekis,1
littin1,gretin1,1
littin1,mastit1,1
littin1,secfly1,1
mastit1,cocwoo1,1
littin1,strfly1,1
littin1,tropar,1
littin1,trsowl,1
littin1,whbman1,1
littin1,whtdov,1
littin1,whttro1,1
mastit1,blkvul,1
piepuf1,socfly1,1
piepuf1,trsowl,1
laufal1,whbman1,1
rinkin1,bubwre1,1
rinkin1,fotfly,1
rinkin1,gohman1,1
rinkin1,greani1,1
rinkin1,greibi1,1
rinkin1,paltan1,1
rinkin1,pirfly1,1
rinkin1,rebbla1,1
rinkin1,recwoo1,1
rinkin1,trokin,1
rinkin1,whfant1,1
rinkin1,yecspi2,1
rinkin1,yercac1,1
roahaw,22333,1
roahaw,amekes,1
roahaw,anhing,1
roahaw,bbwduc,1
roahaw,bicwre1,1
rinkin1,cotfly1,1
rinkin1,bobfly1,1
piepuf1,whbman1,1
rinkin1,blkvul,1
recwoo1,bobfly1,1
recwoo1,cargra1,1
recwoo1,cotfly1,1
recwoo1,crcwoo1,1
recwoo1,creoro1,1
recwoo1,eardov1,1
recwoo1,gohman1,1
recwoo1,grnkin,1
recwoo1,gycwor1,1
recwoo1,paltan1,1
recwoo1,pirfly1,1
recwoo1,rinkin1,1
recwoo1,rugdov,1
recwoo1,secfly1,1
recwoo1,strfly1,1
recwoo1,trokin,1
rinkin1,blhpar1,1
roahaw,bkcdon,1
roahaw,blchaw1,1
roahaw,blcjay1,1
roahaw,blkvul,1
roahaw,tropar,1
roahaw,trsowl,1
roahaw,watjac1,1
roahaw,wbwwre1,1
roahaw,whbant1,1
roahaw,whfant1,1
roahaw,yebela1,1
roahaw,yebsee1,1
roahaw,yeofly1,1
rosspo1,21211,1
rosspo1,greibi1,1
rosspo1,pavpig2,1
rosspo1,speowl1,1
rosspo1,verfly,1
rosspo1,whtdov,1
rosspo1,yehbla2,1
royfly1,bobfly1,1
roahaw,thlsch3,1
roahaw,thbeup1,1
roahaw,strher,1
roahaw,grnkin,1
roahaw,bubwre1,1
roahaw,cargra1,1
roahaw,cattyr,1
roahaw,chbant1,1
roahaw,compot1,1
roahaw,creoro1,1
roahaw,fotfly,1
roahaw,laufal1,1
roahaw,strfly1,1
roahaw,palhor2,1
roahaw,piepuf1,1
roahaw,rinkin1,1
roahaw,rugdov,1
roahaw,smbani,1
roahaw,socfly1,1
roahaw,stbwoo2,1
recwoo1,blcant4,1
recwoo1,41663,1
rebbla1,whwswa1,1
plbwoo1,yehcar1,1
piwtyr1,crebob1,1
piwtyr1,grasal4,1
piwtyr1,grnkin,1
piwtyr1,whwswa1,1
piwtyr1,yebela1,1
piwtyr1,yehbla2,1
piwtyr1,yelori1,1
plbwoo1,65962,1
plbwoo1,amekes,1
plbwoo1,bucmot3,1
plbwoo1,cocwoo1,1
plbwoo1,crebob1,1
plbwoo1,gretin1,1
plbwoo1,grnkin,1
plbwoo1,linwoo1,1
plbwoo1,ragmac1,1
plbwoo1,wbwwre1,1
piwtyr1,cotfly1,1
piwtyr1,bobfly1,1
pirfly1,yebfly1,1
pirfly1,colara1,1
pirfly1,21211,1
pirfly1,blcjay1,1
pirfly1,bobfly1,1
pirfly1,bubwre1,1
pirfly1,butsal1,1
pirfly1,chbant1,1
pirfly1,cocwoo1,1
pirfly1,crcwoo1,1
pirfly1,yebela1,1
pirfly1,grbhaw1,1
pirfly1,leagre,1
pirfly1,pavpig2,1
pirfly1,stbwoo2,1
pirfly1,thbeup1,1
pirfly1,whbman1,1
pirfly1,whtdov,1
plbwoo1,yebfly1,1
plbwoo1,yercac1,1
rebbla1,trokin,1
plctan1,bugtan,1
purgal2,y00678,1
purgal2,yecspi2,1
purgal2,yehbla2,1
ragmac1,blhpar1,1
ragmac1,bobfly1,1
ragmac1,cotfly1,1
ragmac1,speowl1,1
ragmac1,yehcar1,1
rebbla1,banana,1
rebbla1,bbwduc,1
rebbla1,crebob1,1
rebbla1,creoro1,1
rebbla1,grnkin,1
rebbla1,smbani,1
rebbla1,socfly1,1
rebbla1,solsan,1
rebbla1,strher,1
purgal2,watjac1,1
purgal2,snoegr,1
purgal2,saffin,1
plukit1,tropar,1
plctan1,strcuc1,1
plukit1,bobfly1,1
plukit1,butsal1,1
plukit1,cinbec1,1
plukit1,pirfly1,1
plukit1,rinkin1,1
plukit1,secfly1,1
plukit1,whmtyr1,1
purgal2,linwoo1,1
purgal2,65373,1
purgal2,amekes,1
purgal2,blbgra1,1
purgal2,greegr,1
purgal2,grekis,1
purgal2,gycwor1,1
purgal2,leagre,1
laufal1,yercac1,1
laufal1,strfly1,1
crbtan1,bugtan,1
fotfly,greegr,1
fotfly,grnkin,1
fotfly,purgal2,1
fotfly,roahaw,1
fotfly,tropar,1
fotfly,verfly,1
fotfly,whtdov,1
fotfly,y00678,1
fotfly,yecspi2,1
gohman1,bubwre1,1
gohman1,colara1,1
gohman1,cotfly1,1
gohman1,littin1,1
gohman1,paltan1,1
gohman1,pirfly1,1
gohman1,plbwoo1,1
gohman1,rutjac1,1
gohman1,secfly1,1
fotfly,grekis,1
fotfly,cotfly1,1
greani1,littin1,1
fotfly,cocwoo1,1
eardov1,babwar,1
eardov1,bbwduc,1
eardov1,bobfly1,1
eardov1,cotfly1,1
eardov1,orcpar,1
eardov1,paltan1,1
eardov1,pavpig2,1
eardov1,pirfly1,1
eardov1,smbani,1
eardov1,soulap1,1
eardov1,trokin,1
eardov1,trsowl,1
eardov1,yebsee1,1
fotfly,banana,1
fotfly,bkcdon,1
fotfly,blbgra1,1
fotfly,cargra1,1
gohman1,tropar,1
gohman1,wbwwre1,1
gohman1,whttro1,1
gohman1,yeofly1,1
grbhaw1,rutjac1,1
grbhaw1,solsan,1
grbhaw1,spbwoo1,1
grbhaw1,tropar,1
grbhaw1,whbman1,1
grbhaw1,whtdov,1
grbhaw1,yecspi2,1
grbhaw1,yehcar1,1
greani1,65448,1
greani1,67252,1
greani1,bafibi1,1
greani1,baymac,1
greani1,blcjay1,1
greani1,bubwre1,1
greani1,cocwoo1,1
greani1,cotfly1,1
greani1,greegr,1
grbhaw1,rinkin1,1
grbhaw1,gretin1,1
grbhaw1,cocwoo1,1
grasal4,thbeup1,1
gohman1,yercac1,1
grasal4,banana,1
grasal4,creoro1,1
grasal4,gybmar,1
grasal4,paltan1,1
grasal4,smbani,1
grasal4,socfly1,1
grasal4,whfant1,1
grbhaw1,blctit1,1
grasal4,yebela1,1
grasal4,yecspi2,1
grasal4,yelori1,1
grasal4,yercac1,1
grbhaw1,banana,1
grbhaw1,bkmtou1,1
grbhaw1,blchaw1,1
creoro1,wbwwre1,1
creoro1,trokin,1
creoro1,socfly1,1
crebob1,paltan1,1
crcwoo1,littin1,1
crcwoo1,pirfly1,1
crcwoo1,plbwoo1,1
crcwoo1,roahaw,1
crcwoo1,rtlhum,1
crcwoo1,rufmot1,1
crcwoo1,rugdov,1
crcwoo1,rutjac1,1
crcwoo1,saffin,1
crcwoo1,smbani,1
crcwoo1,trokin,1
crcwoo1,whtdov,1
crebob1,amekes,1
crebob1,grasal4,1
crebob1,greegr,1
crebob1,grekis,1
crebob1,gybmar,1
crcwoo1,grnkin,1
crcwoo1,gohman1,1
crcwoo1,creoro1,1
crbtan1,smbani,1
crbtan1,grasal4,1
crbtan1,grbhaw1,1
crbtan1,orcpar,1
crbtan1,paltan1,1
crbtan1,plbwoo1,1
crbtan1,roahaw,1
crbtan1,rumfly1,1
crbtan1,soulap1,1
crcwoo1,chfmac1,1
crbtan1,wbwwre1,1
crbtan1,whtdov,1
crbtan1,yebsee1,1
crbtan1,yehcar1,1
crcwoo1,blcant4,1
crcwoo1,bubwre1,1
crcwoo1,chbant1,1
crebob1,orcpar,1
crebob1,rutpuf1,1
creoro1,saffin,1
crebob1,shtfly1,1
creoro1,blbwre1,1
creoro1,blcjay1,1
creoro1,blhpar1,1
creoro1,cocwoo1,1
creoro1,colara1,1
creoro1,crcwoo1,1
creoro1,cregua1,1
creoro1,gretin1,1
creoro1,linwoo1,1
creoro1,paltan1,1
creoro1,pavpig2,1
creoro1,piepuf1,1
creoro1,pirfly1,1
creoro1,plbwoo1,1
creoro1,rtlhum,1
creoro1,rugdov,1
creoro1,rumfly1,1
creoro1,bkmtou1,1
cregua1,y00678,1
cregua1,whtdov,1
crebob1,ywcpar,1
crebob1,socfly1,1
crebob1,thbeup1,1
crebob1,tropar,1
crebob1,verfly,1
crebob1,whtdov,1
crebob1,yehbla2,1
crebob1,yelori1,1
cregua1,bkmtou1,1
cregua1,trsowl,1
cregua1,bubwre1,1
cregua1,compot1,1
cregua1,gycwor1,1
cregua1,linwoo1,1
cregua1,speowl1,1
cregua1,srwswa1,1
cregua1,tropar,1
greani1,gycwor1,1
greani1,pavpig2,1
laufal1,sobtyr1,1
grysee1,purgal2,1
grysee1,socfly1,1
grysee1,wbwwre1,1
grysee1,whfant1,1
grysee1,yebela1,1
gybmar,41663,1
gybmar,banana,1
gybmar,bkcdon,1
gybmar,greegr,1
gybmar,grekis,1
gybmar,grnkin,1
gybmar,laufal1,1
gybmar,roahaw,1
gybmar,rubsee1,1
gybmar,smbani,1
gybmar,socfly1,1
gybmar,thbeup1,1
gybmar,trokin,1
grysee1,rebbla1,1
grysee1,gycwor1,1
greani1,pirfly1,1
grysee1,fotfly,1
grnkin,banana,1
grnkin,bubwre1,1
grnkin,cotfly1,1
grnkin,fotfly,1
grnkin,greani1,1
grnkin,gybmar,1
grnkin,laufal1,1
grnkin,palhor2,1
grnkin,pirfly1,1
grnkin,plbwoo1,1
grnkin,rumfly1,1
grnkin,socfly1,1
grnkin,soulap1,1
grysee1,blbgra1,1
grysee1,butsal1,1
grysee1,cargra1,1
grysee1,eardov1,1
gybmar,yebela1,1
gybmar,yercac1,1
gycwor1,21211,1
gycwor1,65962,1
labter1,gybmar,1
labter1,leagre,1
labter1,roahaw,1
labter1,whtdov,1
labter1,yecspi2,1
labter1,yehcar1,1
laufal1,amekes,1
laufal1,bkmtou1,1
laufal1,blbgra1,1
laufal1,brtpar1,1
laufal1,compau,1
laufal1,crcwoo1,1
laufal1,creoro1,1
laufal1,fotfly,1
laufal1,linwoo1,1
laufal1,littin1,1
laufal1,roahaw,1
labter1,bobfly1,1
gycwor1,yercac1,1
gycwor1,watjac1,1
gycwor1,creoro1,1
gycwor1,67252,1
gycwor1,bkmtou1,1
gycwor1,blbwre1,1
gycwor1,blcant4,1
gycwor1,chfmac1,1
gycwor1,crcwoo1,1
gycwor1,cregua1,1
gycwor1,eardov1,1
gycwor1,trokin,1
gycwor1,grekis,1
gycwor1,laufal1,1
gycwor1,neocor,1
gycwor1,roahaw,1
gycwor1,rufmot1,1
gycwor1,saffin,1
gycwor1,strcuc1,1
gretin1,mastit1,1
gretin1,grepot1,1
gretin1,greani1,1
greibi1,rutjac1,1
greegr,grnkin,1
greegr,linwoo1,1
greegr,paltan1,1
greegr,roahaw,1
greegr,smbani,1
greegr,strher,1
greegr,trokin,1
greegr,verfly,1
greegr,yebela1,1
greegr,yelori1,1
greibi1,65962,1
greibi1,banana,1
greibi1,baymac,1
greibi1,bubwre1,1
greibi1,chbant1,1
greibi1,creoro1,1
greibi1,greani1,1
greegr,grekis,1
greegr,eardov1,1
greegr,compau,1
greani1,y00678,1
greani1,rinkin1,1
greani1,snoegr,1
greani1,soulap1,1
greani1,strcuc1,1
greani1,trokin,1
greani1,watjac1,1
greani1,wbwwre1,1
greani1,yehbla2,1
greegr,colcha1,1
greani1,yercac1,1
greegr,amekes,1
greegr,anhing,1
greegr,bkmtou1,1
greegr,brtpar1,1
greegr,cattyr,1
greegr,cocher1,1
greibi1,plbwoo1,1
greibi1,stbwoo2,1
gretin1,compot1,1
greibi1,trsowl,1
grekis,wbwwre1,1
grekis,whbman1,1
grekis,yebela1,1
grekis,yebfly1,1
grekis,yecspi2,1
grekis,yectyr1,1
grekis,yehcar1,1
grekis,yelori1,1
grekis,ywcpar,1
grepot1,555086,1
grepot1,compau,1
grepot1,gretin1,1
grepot1,pavpig2,1
grepot1,roahaw,1
gretin1,21211,1
gretin1,bkmtou1,1
gretin1,compau,1
grekis,trsowl,1
grekis,thbeup1,1
grekis,strher,1
grekis,grasal4,1
grekis,amekes,1
grekis,anhing,1
grekis,blbgra1,1
grekis,bugtan,1
grekis,chfmac1,1
grekis,fotfly,1
grekis,gohman1,1
grekis,greegr,1
grekis,soulap1,1
grekis,grnkin,1
grekis,gybmar,1
grekis,labter1,1
grekis,orcpar,1
grekis,piepuf1,1
grekis,recwoo1,1
grekis,rubsee1,1
ywcpar,yercac1,1
